{
	"info": {
		"_postman_id": "6e148434-3a04-4d44-a6c9-0693867dadc8",
		"name": "Booking - PartialUpdateBooking",
		"schema": "https://schema.getpostman.com/json/collection/v2.1.0/collection.json",
		"_exporter_id": "15569215"
	},
	"item": [
		{
			"name": "Booking - PartialUpdateBooking",
			"item": [
				{
					"name": "Smoke",
					"item": [
						{
							"name": "Smoke Test: PartialUpdateBooking",
							"event": [
								{
									"listen": "test",
									"script": {
										"exec": [
											"pm.test('SmokeTest', function () {\r",
											"    pm.expect(pm.response.code).to.be.oneOf([200]);\r",
											"})"
										],
										"type": "text/javascript",
										"packages": {}
									}
								}
							],
							"request": {
								"method": "PATCH",
								"header": [
									{
										"key": "Content-Type",
										"value": "application/json"
									},
									{
										"key": "Accept",
										"value": "application/json"
									},
									{
										"key": "Cookie",
										"value": "token=ca2003c38780524"
									},
									{
										"key": "Authorization",
										"value": "Basic YWRtaW46cGFzc3dvcmQxMjM=",
										"type": "text"
									}
								],
								"body": {
									"mode": "raw",
									"raw": "{\r\n    \"firstname\" : \"Brianna\",\r\n    \"lastname\" : \"Brown\"\r\n}"
								},
								"url": {
									"raw": "https://restful-booker.herokuapp.com/booking/1",
									"protocol": "https",
									"host": [
										"restful-booker",
										"herokuapp",
										"com"
									],
									"path": [
										"booking",
										"1"
									]
								}
							},
							"response": []
						}
					]
				},
				{
					"name": "System",
					"item": [
						{
							"name": "System Test: PartialUpdateBooking",
							"event": [
								{
									"listen": "test",
									"script": {
										"exec": [
											"pm.test(\"System Test: JSON example\", function () {\r",
											"    pm.expect(pm.response.code).to.be.oneOf([200]);\r",
											"});\r",
											"\r",
											"pm.test(\"Timeout 1 segundo\", function () {\r",
											"    pm.response.to.be.success;\r",
											"    pm.expect(pm.response.responseTime).to.be.below(1000);\r",
											"});"
										],
										"type": "text/javascript",
										"packages": {}
									}
								}
							],
							"request": {
								"method": "PATCH",
								"header": [
									{
										"key": "Content-Type",
										"value": "application/json"
									},
									{
										"key": "Accept",
										"value": "application/json"
									},
									{
										"key": "Cookie",
										"value": "token=ca2003c38780524"
									},
									{
										"key": "Authorization",
										"value": "Basic YWRtaW46cGFzc3dvcmQxMjM=",
										"type": "text"
									}
								],
								"body": {
									"mode": "raw",
									"raw": "{\r\n    \"firstname\" : \"Brianna\",\r\n    \"lastname\" : \"Brown\"\r\n}"
								},
								"url": {
									"raw": "https://restful-booker.herokuapp.com/booking/1",
									"protocol": "https",
									"host": [
										"restful-booker",
										"herokuapp",
										"com"
									],
									"path": [
										"booking",
										"1"
									]
								}
							},
							"response": []
						},
						{
							"name": "System Test: XML PartialUpdateBooking",
							"event": [
								{
									"listen": "test",
									"script": {
										"exec": [
											"pm.test(\"System Test: XML example\", function () {\r",
											"    pm.expect(pm.response.code).to.be.oneOf([200]);\r",
											"});\r",
											"\r",
											"pm.test(\"Timeout 1 segundo\", function () {\r",
											"    pm.response.to.be.success;\r",
											"    pm.expect(pm.response.responseTime).to.be.below(1000);\r",
											"});"
										],
										"type": "text/javascript",
										"packages": {}
									}
								}
							],
							"request": {
								"method": "PATCH",
								"header": [
									{
										"key": "Content-Type",
										"value": "text/xml"
									},
									{
										"key": "Accept",
										"value": "application/xml"
									},
									{
										"key": "Authorization",
										"value": "Basic YWRtaW46cGFzc3dvcmQxMjM="
									}
								],
								"body": {
									"mode": "raw",
									"raw": "<booking>\r\n    <firstname>James</firstname>\r\n    <lastname>Brown</lastname>\r\n  </booking>"
								},
								"url": {
									"raw": "https://restful-booker.herokuapp.com/booking/1",
									"protocol": "https",
									"host": [
										"restful-booker",
										"herokuapp",
										"com"
									],
									"path": [
										"booking",
										"1"
									]
								}
							},
							"response": []
						},
						{
							"name": "System Test: URLencoded PartialUpdateBooking",
							"event": [
								{
									"listen": "test",
									"script": {
										"exec": [
											"pm.test(\"System Test: URLencoded example\", function () {\r",
											"    pm.expect(pm.response.code).to.be.oneOf([200]);\r",
											"});\r",
											"\r",
											"pm.test(\"Timeout 1 segundo\", function () {\r",
											"    pm.response.to.be.success;\r",
											"    pm.expect(pm.response.responseTime).to.be.below(1000);\r",
											"});"
										],
										"type": "text/javascript",
										"packages": {}
									}
								}
							],
							"request": {
								"method": "PATCH",
								"header": [
									{
										"key": "Content-Type",
										"value": "application/x-www-form-urlencoded"
									},
									{
										"key": "Accept",
										"value": "application/x-www-form-urlencoded"
									},
									{
										"key": "Authorization",
										"value": "Basic YWRtaW46cGFzc3dvcmQxMjM="
									}
								],
								"body": {
									"mode": "urlencoded",
									"urlencoded": [
										{
											"key": "firstname",
											"value": "Jim",
											"type": "text"
										},
										{
											"key": "lastname",
											"value": "Brown",
											"type": "text"
										}
									]
								},
								"url": {
									"raw": "https://restful-booker.herokuapp.com/booking/1",
									"protocol": "https",
									"host": [
										"restful-booker",
										"herokuapp",
										"com"
									],
									"path": [
										"booking",
										"1"
									]
								}
							},
							"response": []
						},
						{
							"name": "Error Test: PartialUpdateBooking",
							"event": [
								{
									"listen": "test",
									"script": {
										"exec": [
											"pm.test(\"400: Bad Request\", function () { \r",
											"     pm.response.to.have.status(400);\r",
											"});\r",
											"\r",
											"pm.test(\"401: Unauthorized\", function () { \r",
											"    pm.response.to.have.status(401);\r",
											"});\r",
											"\r",
											"pm.test(\"404: Not Found\", function () { \r",
											"    pm.response.to.have.status(404);\r",
											"});\r",
											"\r",
											"pm.test(\"405: Method Not Allowed\", function () { \r",
											"     pm.response.to.have.status(405);\r",
											"});\r",
											"\r",
											"pm.test(\"408: Request Timeout\", function () {\r",
											"    pm.expect(pm.response.responseTime).to.be.above(1000);\r",
											"});\r",
											"\r",
											"pm.test(\"500: Internal Server Error\", function () {\r",
											"    pm.response.to.have.status(500);\r",
											"});"
										],
										"type": "text/javascript",
										"packages": {}
									}
								}
							],
							"request": {
								"method": "PATCH",
								"header": [
									{
										"key": "Content-Type",
										"value": "application/json"
									},
									{
										"key": "Accept",
										"value": "application/json"
									},
									{
										"key": "Cookie",
										"value": "token=ca2003c38780524"
									},
									{
										"key": "Authorization",
										"value": "Basic YWRtaW46cGFzc3dvcmQxMjM=",
										"type": "text"
									}
								],
								"body": {
									"mode": "raw",
									"raw": "{\r\n    \"firstname\" : \"Brianna\",\r\n    \"lastname\" : \"Brown\"\r\n}"
								},
								"url": {
									"raw": "https://restful-booker.herokuapp.com/booking/1",
									"protocol": "https",
									"host": [
										"restful-booker",
										"herokuapp",
										"com"
									],
									"path": [
										"booking",
										"1"
									]
								}
							},
							"response": []
						}
					]
				},
				{
					"name": "Sanity",
					"item": [
						{
							"name": "Sanity Test: PartialUpdateBooking",
							"event": [
								{
									"listen": "test",
									"script": {
										"exec": [
											"var schema = {\r",
											"   \"type\": \"object\",\r",
											"   \"items\": { \"$ref\": \"PartialUpdateBooking\" }\r",
											"};\r",
											"var PartialUpdateBooking = {\r",
											"    \"properties\":{ \r",
											"        \"firstname\": { \"type\": \"string\" },\r",
											"        \"lastname\": { \"type\": \"string\" },\r",
											"        \"totalprice\": { \"type\": \"number\" },\r",
											"        \"depositpaid\": { \"type\": \"boolean\" },\r",
											"        \"additionalneeds\": { \"type\": \"string\" }\r",
											"    }\r",
											"};\r",
											"        var schema = {\r",
											"            \"type\": \"object\",\r",
											"            \"items\": { \"$ref\": \"bookingdates\" }\r",
											"        };\r",
											"        var bookingdates = {\r",
											"            \"properties\":{ \r",
											"                \"checkin\": { \"type\": \"date\" },\r",
											"                \"checkout\": { \"type\": \"date\" }\r",
											"            }\r",
											"        };\r",
											"tv4.addSchema('PartialUpdateBooking', PartialUpdateBooking);\r",
											"tv4.addSchema('bookingdates', bookingdates);\r",
											"\r",
											"pm.test('Prueba de Sanidad', function() { \r",
											"  pm.expect(tv4.validate(pm.response.json(), schema)).to.be.true; \r",
											"});"
										],
										"type": "text/javascript",
										"packages": {}
									}
								}
							],
							"request": {
								"method": "PATCH",
								"header": [
									{
										"key": "Content-Type",
										"value": "application/json"
									},
									{
										"key": "Accept",
										"value": "application/json"
									},
									{
										"key": "Cookie",
										"value": "token=ca2003c38780524"
									},
									{
										"key": "Authorization",
										"value": "Basic YWRtaW46cGFzc3dvcmQxMjM=",
										"type": "text"
									}
								],
								"body": {
									"mode": "raw",
									"raw": "{\r\n    \"firstname\" : \"Brianna\",\r\n    \"lastname\" : \"Brown\"\r\n}"
								},
								"url": {
									"raw": "https://restful-booker.herokuapp.com/booking/1",
									"protocol": "https",
									"host": [
										"restful-booker",
										"herokuapp",
										"com"
									],
									"path": [
										"booking",
										"1"
									]
								}
							},
							"response": []
						}
					]
				}
			]
		}
	]
}