{
	"info": {
		"_postman_id": "8ac9925c-e9a1-466f-8409-27dc4bc114b1",
		"name": "Auth-CreateToken",
		"schema": "https://schema.getpostman.com/json/collection/v2.1.0/collection.json",
		"_exporter_id": "15569215"
	},
	"item": [
		{
			"name": "Auth-CreateToken",
			"item": [
				{
					"name": "Smoke",
					"item": [
						{
							"name": "Smoke Test: CreateToken",
							"event": [
								{
									"listen": "test",
									"script": {
										"exec": [
											"pm.test(\"SmokeTest\", function () {\r",
											"    pm.expect(pm.response.code).to.be.oneOf([200]);\r",
											"});"
										],
										"type": "text/javascript",
										"packages": {}
									}
								}
							],
							"request": {
								"method": "POST",
								"header": [
									{
										"key": "Content-Type",
										"value": "application/json"
									}
								],
								"body": {
									"mode": "raw",
									"raw": "{\r\n    \"username\" : \"admin\",\r\n    \"password\" : \"password123\"\r\n}"
								},
								"url": {
									"raw": "https://restful-booker.herokuapp.com/auth",
									"protocol": "https",
									"host": [
										"restful-booker",
										"herokuapp",
										"com"
									],
									"path": [
										"auth"
									]
								}
							},
							"response": []
						}
					]
				},
				{
					"name": "System",
					"item": [
						{
							"name": "System Test: CreateToken",
							"event": [
								{
									"listen": "test",
									"script": {
										"exec": [
											"pm.test(\"System Test: token\", function () {\r",
											"    pm.expect(pm.response.code).to.be.oneOf([200]);\r",
											"});\r",
											"\r",
											"pm.test(\"Timeout 1 segundo\", function () {\r",
											"    pm.response.to.be.success;\r",
											"    pm.expect(pm.response.responseTime).to.be.below(1000);\r",
											"});"
										],
										"type": "text/javascript",
										"packages": {}
									}
								}
							],
							"request": {
								"method": "POST",
								"header": [
									{
										"key": "Content-Type",
										"value": "application/json"
									}
								],
								"body": {
									"mode": "raw",
									"raw": "{\r\n    \"username\" : \"admin\",\r\n    \"password\" : \"password123\"\r\n}"
								},
								"url": {
									"raw": "https://restful-booker.herokuapp.com/auth",
									"protocol": "https",
									"host": [
										"restful-booker",
										"herokuapp",
										"com"
									],
									"path": [
										"auth"
									]
								}
							},
							"response": []
						},
						{
							"name": "Error Test: CreateToken",
							"event": [
								{
									"listen": "test",
									"script": {
										"exec": [
											"pm.test(\"400: Bad Request\", function () { \r",
											"     pm.response.to.have.status(400);\r",
											"});\r",
											"\r",
											"pm.test(\"401: Unauthorized\", function () { \r",
											"    pm.response.to.have.status(401);\r",
											"});\r",
											"\r",
											"pm.test(\"404: Not Found\", function () { \r",
											"    pm.response.to.have.status(404);\r",
											"});\r",
											"\r",
											"pm.test(\"405: Method Not Allowed\", function () { \r",
											"     pm.response.to.have.status(405);\r",
											"});\r",
											"\r",
											"pm.test(\"408: Request Timeout\", function () {\r",
											"    pm.expect(pm.response.responseTime).to.be.above(1000);\r",
											"});\r",
											"\r",
											"pm.test(\"500: Internal Server Error\", function () {\r",
											"    pm.response.to.have.status(500);\r",
											"});"
										],
										"type": "text/javascript",
										"packages": {}
									}
								}
							],
							"request": {
								"method": "POST",
								"header": [
									{
										"key": "Content-Type",
										"value": "application/json"
									}
								],
								"body": {
									"mode": "raw",
									"raw": "{\r\n    \"username\" : \"admin\",\r\n    \"password\" : \"password123\"\r\n}"
								},
								"url": {
									"raw": "https://restful-booker.herokuapp.com/auth",
									"protocol": "https",
									"host": [
										"restful-booker",
										"herokuapp",
										"com"
									],
									"path": [
										"auth"
									]
								}
							},
							"response": []
						}
					]
				},
				{
					"name": "Sanity",
					"item": [
						{
							"name": "Sanity Test: CreateToken",
							"event": [
								{
									"listen": "test",
									"script": {
										"exec": [
											"pm.test(\"SmokeTest\", function () {\r",
											"    pm.expect(pm.response.code).to.be.oneOf([200]);\r",
											"});\r",
											"let responseData=pm.response.json();\r",
											"pm.globals.set(\"token\",responseData.accessToken);"
										],
										"type": "text/javascript",
										"packages": {}
									}
								}
							],
							"request": {
								"method": "POST",
								"header": [
									{
										"key": "Content-Type",
										"value": "application/json"
									}
								],
								"body": {
									"mode": "raw",
									"raw": "{\r\n    \"username\" : \"admin\",\r\n    \"password\" : \"password123\"\r\n}"
								},
								"url": {
									"raw": "https://restful-booker.herokuapp.com/auth",
									"protocol": "https",
									"host": [
										"restful-booker",
										"herokuapp",
										"com"
									],
									"path": [
										"auth"
									]
								}
							},
							"response": []
						}
					]
				}
			]
		}
	]
}