{
	"info": {
		"_postman_id": "52133344-b009-442e-9dbd-894699127371",
		"name": "Booking - DeleteBooking",
		"schema": "https://schema.getpostman.com/json/collection/v2.1.0/collection.json",
		"_exporter_id": "15569215"
	},
	"item": [
		{
			"name": "Booking - DeleteBooking",
			"item": [
				{
					"name": "Smoke",
					"item": [
						{
							"name": "Smoke Test: DeleteBooking",
							"event": [
								{
									"listen": "test",
									"script": {
										"exec": [
											"pm.test('SmokeTest', function () {\r",
											"    pm.expect(pm.response.code).to.be.oneOf([201]);\r",
											"})"
										],
										"type": "text/javascript",
										"packages": {}
									}
								}
							],
							"request": {
								"method": "DELETE",
								"header": [
									{
										"key": "Content-Type",
										"value": "application/json"
									},
									{
										"key": "Cookie",
										"value": "token=3ce5b585e0b3987"
									},
									{
										"key": "Authorization",
										"value": "Basic YWRtaW46cGFzc3dvcmQxMjM=",
										"type": "text"
									}
								],
								"url": {
									"raw": "https://restful-booker.herokuapp.com/booking/4082",
									"protocol": "https",
									"host": [
										"restful-booker",
										"herokuapp",
										"com"
									],
									"path": [
										"booking",
										"4082"
									]
								}
							},
							"response": []
						}
					]
				},
				{
					"name": "System",
					"item": [
						{
							"name": "System Test: Cookie DeleteBooking",
							"event": [
								{
									"listen": "test",
									"script": {
										"exec": [
											"pm.test(\"System Test: Cookie\", function () {\r",
											"    pm.expect(pm.response.code).to.be.oneOf([201]);\r",
											"});\r",
											"\r",
											"pm.test(\"Timeout 1 segundo\", function () {\r",
											"    pm.response.to.be.success;\r",
											"    pm.expect(pm.response.responseTime).to.be.below(1000);\r",
											"});"
										],
										"type": "text/javascript",
										"packages": {}
									}
								}
							],
							"request": {
								"method": "DELETE",
								"header": [
									{
										"key": "Content-Type",
										"value": "application/json"
									},
									{
										"key": "Cookie",
										"value": "token=3ce5b585e0b3987"
									},
									{
										"key": "Authorization",
										"value": "Basic YWRtaW46cGFzc3dvcmQxMjM=",
										"type": "text"
									}
								],
								"url": {
									"raw": "https://restful-booker.herokuapp.com/booking/4082",
									"protocol": "https",
									"host": [
										"restful-booker",
										"herokuapp",
										"com"
									],
									"path": [
										"booking",
										"4082"
									]
								}
							},
							"response": []
						},
						{
							"name": "System Test: BasicAuth DeleteBooking",
							"event": [
								{
									"listen": "test",
									"script": {
										"exec": [
											"pm.test(\"System Test: Basic Auth\", function () {\r",
											"    pm.expect(pm.response.code).to.be.oneOf([201]);\r",
											"});\r",
											"\r",
											"pm.test(\"Timeout 1 segundo\", function () {\r",
											"    pm.response.to.be.success;\r",
											"    pm.expect(pm.response.responseTime).to.be.below(1000);\r",
											"});"
										],
										"type": "text/javascript",
										"packages": {}
									}
								}
							],
							"request": {
								"method": "DELETE",
								"header": [
									{
										"key": "Content-Type",
										"value": "application/json"
									},
									{
										"key": "Authorization",
										"value": "Basic YWRtaW46cGFzc3dvcmQxMjM="
									}
								],
								"url": {
									"raw": "https://restful-booker.herokuapp.com/booking/983",
									"protocol": "https",
									"host": [
										"restful-booker",
										"herokuapp",
										"com"
									],
									"path": [
										"booking",
										"983"
									]
								}
							},
							"response": []
						},
						{
							"name": "Error Test: DeleteBooking",
							"event": [
								{
									"listen": "test",
									"script": {
										"exec": [
											"pm.test(\"400: Bad Request\", function () { \r",
											"     pm.response.to.have.status(400);\r",
											"});\r",
											"\r",
											"pm.test(\"401: Unauthorized\", function () { \r",
											"    pm.response.to.have.status(401);\r",
											"});\r",
											"\r",
											"pm.test(\"404: Not Found\", function () { \r",
											"    pm.response.to.have.status(404);\r",
											"});\r",
											"\r",
											"pm.test(\"405: Method Not Allowed\", function () { \r",
											"     pm.response.to.have.status(405);\r",
											"});\r",
											"\r",
											"pm.test(\"408: Request Timeout\", function () {\r",
											"    pm.expect(pm.response.responseTime).to.be.above(1000);\r",
											"});\r",
											"\r",
											"pm.test(\"500: Internal Server Error\", function () {\r",
											"    pm.response.to.have.status(500);\r",
											"});"
										],
										"type": "text/javascript",
										"packages": {}
									}
								}
							],
							"request": {
								"method": "DELETE",
								"header": [
									{
										"key": "Content-Type",
										"value": "application/json"
									},
									{
										"key": "Cookie",
										"value": "token=3ce5b585e0b3987"
									},
									{
										"key": "Authorization",
										"value": "Basic YWRtaW46cGFzc3dvcmQxMjM=",
										"type": "text"
									}
								],
								"url": {
									"raw": "https://restful-booker.herokuapp.com/booking/3",
									"protocol": "https",
									"host": [
										"restful-booker",
										"herokuapp",
										"com"
									],
									"path": [
										"booking",
										"3"
									]
								}
							},
							"response": []
						}
					]
				}
			]
		}
	]
}