{
	"info": {
		"_postman_id": "670ce600-49e2-42e7-8f66-0383e5fe344c",
		"name": "Ping - HealthCheck",
		"schema": "https://schema.getpostman.com/json/collection/v2.1.0/collection.json",
		"_exporter_id": "15569215"
	},
	"item": [
		{
			"name": "Ping - HealthCheck",
			"item": [
				{
					"name": "Smoke",
					"item": [
						{
							"name": "Smoke Test: HealthCheck",
							"event": [
								{
									"listen": "test",
									"script": {
										"exec": [
											"pm.test('SmokeTest', function () {\r",
											"    pm.expect(pm.response.code).to.be.oneOf([201]);\r",
											"})"
										],
										"type": "text/javascript",
										"packages": {}
									}
								}
							],
							"request": {
								"method": "GET",
								"header": [],
								"url": {
									"raw": "https://restful-booker.herokuapp.com/ping",
									"protocol": "https",
									"host": [
										"restful-booker",
										"herokuapp",
										"com"
									],
									"path": [
										"ping"
									]
								}
							},
							"response": []
						}
					]
				}
			]
		}
	]
}