{
	"info": {
		"_postman_id": "42cc8222-8fa9-46e6-9fda-36b292d21247",
		"name": "Booking - GetBookingIds",
		"schema": "https://schema.getpostman.com/json/collection/v2.1.0/collection.json",
		"_exporter_id": "15569215"
	},
	"item": [
		{
			"name": "Booking - GetBookingIds",
			"item": [
				{
					"name": "Smoke",
					"item": [
						{
							"name": "Smoke Test: GetBookingIds",
							"event": [
								{
									"listen": "test",
									"script": {
										"exec": [
											"pm.test(\"SmokeTest\", function () {\r",
											"    pm.expect(pm.response.code).to.be.oneOf([200]);\r",
											"});"
										],
										"type": "text/javascript",
										"packages": {}
									}
								}
							],
							"request": {
								"method": "GET",
								"header": [],
								"url": {
									"raw": "https://restful-booker.herokuapp.com/booking",
									"protocol": "https",
									"host": [
										"restful-booker",
										"herokuapp",
										"com"
									],
									"path": [
										"booking"
									]
								}
							},
							"response": []
						}
					]
				},
				{
					"name": "System",
					"item": [
						{
							"name": "System Test: All IDs",
							"event": [
								{
									"listen": "test",
									"script": {
										"exec": [
											"pm.test(\"System Test: All IDs\", function () {\r",
											"    pm.expect(pm.response.code).to.be.oneOf([200]);\r",
											"});\r",
											"\r",
											"pm.test(\"Timeout 1 segundo\", function () {\r",
											"    pm.response.to.be.success;\r",
											"    pm.expect(pm.response.responseTime).to.be.below(1000);\r",
											"});"
										],
										"type": "text/javascript",
										"packages": {}
									}
								}
							],
							"request": {
								"method": "GET",
								"header": [],
								"url": {
									"raw": "https://restful-booker.herokuapp.com/booking",
									"protocol": "https",
									"host": [
										"restful-booker",
										"herokuapp",
										"com"
									],
									"path": [
										"booking"
									]
								}
							},
							"response": []
						},
						{
							"name": "System Test: Filter by name",
							"event": [
								{
									"listen": "test",
									"script": {
										"exec": [
											"pm.test(\"System Test: Filter by name\", function () {\r",
											"    pm.expect(pm.response.code).to.be.oneOf([200]);\r",
											"});\r",
											"\r",
											"pm.test(\"Timeout 1 segundo\", function () {\r",
											"    pm.response.to.be.success;\r",
											"    pm.expect(pm.response.responseTime).to.be.below(1000);\r",
											"});"
										],
										"type": "text/javascript",
										"packages": {}
									}
								}
							],
							"request": {
								"method": "GET",
								"header": [],
								"url": {
									"raw": "https://restful-booker.herokuapp.com/booking?firstname=Mark&lastname=Jones",
									"protocol": "https",
									"host": [
										"restful-booker",
										"herokuapp",
										"com"
									],
									"path": [
										"booking"
									],
									"query": [
										{
											"key": "firstname",
											"value": "Mark"
										},
										{
											"key": "lastname",
											"value": "Jones"
										}
									]
								}
							},
							"response": []
						},
						{
							"name": "System Test: Filter by checkin/ checkout date",
							"event": [
								{
									"listen": "prerequest",
									"script": {
										"exec": [
											""
										],
										"type": "text/javascript",
										"packages": {}
									}
								},
								{
									"listen": "test",
									"script": {
										"exec": [
											"pm.test(\"System Test: Filter by checkin/ checkout date\", function () {\r",
											"    pm.expect(pm.response.code).to.be.oneOf([200]);\r",
											"});\r",
											"\r",
											"pm.test(\"Timeout 1 segundo\", function () {\r",
											"    pm.response.to.be.success;\r",
											"    pm.expect(pm.response.responseTime).to.be.below(1000);\r",
											"});"
										],
										"type": "text/javascript",
										"packages": {}
									}
								}
							],
							"request": {
								"method": "GET",
								"header": [],
								"url": {
									"raw": "https://restful-booker.herokuapp.com/booking?checkin=2016-04-08&checkout=2018-02-07",
									"protocol": "https",
									"host": [
										"restful-booker",
										"herokuapp",
										"com"
									],
									"path": [
										"booking"
									],
									"query": [
										{
											"key": "checkin",
											"value": "2016-04-08"
										},
										{
											"key": "checkout",
											"value": "2018-02-07"
										}
									]
								}
							},
							"response": []
						},
						{
							"name": "Error Test: GetBookingIds",
							"event": [
								{
									"listen": "test",
									"script": {
										"exec": [
											"pm.test(\"400: Bad Request\", function () { \r",
											"     pm.response.to.have.status(400);\r",
											"});\r",
											"\r",
											"pm.test(\"401: Unauthorized\", function () { \r",
											"    pm.response.to.have.status(401);\r",
											"});\r",
											"\r",
											"pm.test(\"404: Not Found\", function () { \r",
											"    pm.response.to.have.status(404);\r",
											"});\r",
											"\r",
											"pm.test(\"405: Method Not Allowed\", function () { \r",
											"     pm.response.to.have.status(405);\r",
											"});\r",
											"\r",
											"pm.test(\"408: Request Timeout\", function () {\r",
											"    pm.expect(pm.response.responseTime).to.be.above(1000);\r",
											"});\r",
											"\r",
											"pm.test(\"500: Internal Server Error\", function () {\r",
											"    pm.response.to.have.status(500);\r",
											"});"
										],
										"type": "text/javascript",
										"packages": {}
									}
								}
							],
							"request": {
								"method": "GET",
								"header": [],
								"url": {
									"raw": "https://restful-booker.herokuapp.com/booking",
									"protocol": "https",
									"host": [
										"restful-booker",
										"herokuapp",
										"com"
									],
									"path": [
										"booking"
									]
								}
							},
							"response": []
						}
					]
				},
				{
					"name": "Sanity",
					"item": [
						{
							"name": "Sanity Test: GetBookingIds",
							"event": [
								{
									"listen": "test",
									"script": {
										"exec": [
											"var schema = {\r",
											"   \"type\": \"array\",\r",
											"   \"items\": { \"$ref\": \"GetBookingIds\" }\r",
											"};\r",
											"\r",
											"var GetBookingIds = {\r",
											"    \"type\": \"object\",\r",
											"    \"items\": { \"$ref\": \"GetBookingIds2\" }\r",
											"};\r",
											"\r",
											"var GetBookingIds2 = {\r",
											"    \"properties\":{ \r",
											"        \"bookingid\": { \"type\": \"number\" },\r",
											"    }\r",
											"};\r",
											"tv4.addSchema('GetBookingIds', GetBookingIds);\r",
											"tv4.addSchema('GetBookingIds2', GetBookingIds2);\r",
											"\r",
											"pm.test('Prueba de Sanidad', function() { \r",
											"  pm.expect(tv4.validate(pm.response.json(), schema)).to.be.true; \r",
											"});"
										],
										"type": "text/javascript",
										"packages": {}
									}
								}
							],
							"request": {
								"method": "GET",
								"header": [],
								"url": {
									"raw": "https://restful-booker.herokuapp.com/booking",
									"protocol": "https",
									"host": [
										"restful-booker",
										"herokuapp",
										"com"
									],
									"path": [
										"booking"
									]
								}
							},
							"response": []
						}
					]
				}
			]
		}
	]
}