{
	"info": {
		"_postman_id": "4feafc1e-56a1-4efa-9fb3-f1f5724135ea",
		"name": "Booking - GetBooking",
		"schema": "https://schema.getpostman.com/json/collection/v2.1.0/collection.json",
		"_exporter_id": "15569215"
	},
	"item": [
		{
			"name": "Booking - GetBooking",
			"item": [
				{
					"name": "Smoke",
					"item": [
						{
							"name": "Smoke Test: GetBooking",
							"event": [
								{
									"listen": "test",
									"script": {
										"exec": [
											"pm.test(\"SmokeTest\", function () {\r",
											"    pm.expect(pm.response.code).to.be.oneOf([200]);\r",
											"});"
										],
										"type": "text/javascript",
										"packages": {}
									}
								}
							],
							"request": {
								"method": "GET",
								"header": [
									{
										"key": "Accept",
										"value": "application/json",
										"type": "text"
									}
								],
								"url": {
									"raw": "https://restful-booker.herokuapp.com/booking/1",
									"protocol": "https",
									"host": [
										"restful-booker",
										"herokuapp",
										"com"
									],
									"path": [
										"booking",
										"1"
									]
								}
							},
							"response": []
						}
					]
				},
				{
					"name": "System",
					"item": [
						{
							"name": "System Test: GetBooking",
							"event": [
								{
									"listen": "test",
									"script": {
										"exec": [
											"pm.test(\"System Test: GetBooking\", function () {\r",
											"    pm.expect(pm.response.code).to.be.oneOf([200]);\r",
											"});\r",
											"\r",
											"pm.test(\"Timeout 1 segundo\", function () {\r",
											"    pm.response.to.be.success;\r",
											"    pm.expect(pm.response.responseTime).to.be.below(1000);\r",
											"});"
										],
										"type": "text/javascript",
										"packages": {}
									}
								}
							],
							"request": {
								"method": "GET",
								"header": [
									{
										"key": "Accept",
										"value": "application/json",
										"type": "text"
									}
								],
								"url": {
									"raw": "https://restful-booker.herokuapp.com/booking/1",
									"protocol": "https",
									"host": [
										"restful-booker",
										"herokuapp",
										"com"
									],
									"path": [
										"booking",
										"1"
									]
								}
							},
							"response": []
						},
						{
							"name": "Error Test: GetBooking",
							"event": [
								{
									"listen": "test",
									"script": {
										"exec": [
											"pm.test(\"400: Bad Request\", function () { \r",
											"     pm.response.to.have.status(400);\r",
											"});\r",
											"\r",
											"pm.test(\"401: Unauthorized\", function () { \r",
											"    pm.response.to.have.status(401);\r",
											"});\r",
											"\r",
											"pm.test(\"404: Not Found\", function () { \r",
											"    pm.response.to.have.status(404);\r",
											"});\r",
											"\r",
											"pm.test(\"405: Method Not Allowed\", function () { \r",
											"     pm.response.to.have.status(405);\r",
											"});\r",
											"\r",
											"pm.test(\"408: Request Timeout\", function () {\r",
											"    pm.expect(pm.response.responseTime).to.be.above(1000);\r",
											"});\r",
											"\r",
											"pm.test(\"500: Internal Server Error\", function () {\r",
											"    pm.response.to.have.status(500);\r",
											"});"
										],
										"type": "text/javascript",
										"packages": {}
									}
								}
							],
							"request": {
								"method": "GET",
								"header": [
									{
										"key": "Accept",
										"value": "application/json",
										"type": "text"
									}
								],
								"url": {
									"raw": "https://restful-booker.herokuapp.com/booking/1",
									"protocol": "https",
									"host": [
										"restful-booker",
										"herokuapp",
										"com"
									],
									"path": [
										"booking",
										"1"
									]
								}
							},
							"response": []
						}
					]
				},
				{
					"name": "Sanity",
					"item": [
						{
							"name": "Sanity Test: GetBooking",
							"event": [
								{
									"listen": "test",
									"script": {
										"exec": [
											"var schema = {\r",
											"   \"type\": \"object\",\r",
											"   \"items\": { \"$ref\": \"GetBooking\" }\r",
											"};\r",
											"var GetBooking = {\r",
											"    \"properties\":{ \r",
											"        \"firstname\": { \"type\": \"string\" },\r",
											"        \"lastname\": { \"type\": \"string\" },\r",
											"        \"totalprice\": { \"type\": \"number\" },\r",
											"        \"depositpaid\": { \"type\": \"boolean\" },\r",
											"        \"additionalneeds\": { \"type\": \"string\" }\r",
											"    }\r",
											"};\r",
											"        var schema = {\r",
											"            \"type\": \"object\",\r",
											"            \"items\": { \"$ref\": \"bookingdates\" }\r",
											"        };\r",
											"        var bookingdates = {\r",
											"            \"properties\":{ \r",
											"                \"checkin\": { \"type\": \"date\" },\r",
											"                \"checkout\": { \"type\": \"date\" }\r",
											"            }\r",
											"        };\r",
											"tv4.addSchema('GetBooking', GetBooking);\r",
											"tv4.addSchema('bookingdates', bookingdates);\r",
											"\r",
											"pm.test('Prueba de Sanidad', function() { \r",
											"  pm.expect(tv4.validate(pm.response.json(), schema)).to.be.true; \r",
											"});"
										],
										"type": "text/javascript",
										"packages": {}
									}
								}
							],
							"request": {
								"method": "GET",
								"header": [
									{
										"key": "Accept",
										"value": "application/json",
										"type": "text"
									}
								],
								"url": {
									"raw": "https://restful-booker.herokuapp.com/booking/1",
									"protocol": "https",
									"host": [
										"restful-booker",
										"herokuapp",
										"com"
									],
									"path": [
										"booking",
										"1"
									]
								}
							},
							"response": []
						}
					]
				}
			]
		}
	]
}